timestamp,username,city
2025-12-22 15:55:03,Jan,Vienna
2025-12-22 15:55:13,Moritz,Berlin
2025-12-22 15:55:42,Boris,Paris
2025-12-30 10:04:26,Guest,Vienna
2025-12-30 10:09:42,Guest,Vienna
2025-12-30 10:10:01,Guest,Vienna
2025-12-30 10:14:15,Jan,Vienna
2025-12-30 10:14:55,Guest,Vienna
2025-12-30 10:15:20,Jan,Vienna
2026-01-03 13:57:42,Guest,Vienna
2026-01-03 13:57:45,Guest,Vienna
2026-01-03 13:57:50,Guest,Vienna
2026-01-03 13:57:56,Guest,Vienna
2026-01-03 13:57:59,Guest,Vienna
2026-01-03 13:58:01,Guest,Vienna
2026-01-03 13:58:03,Guest,Vienna
2026-01-03 13:58:04,Guest,Vienna
2026-01-03 13:58:04,Guest,Vienna
2026-01-03 13:58:05,Guest,Vienna
2026-01-03 13:58:07,Guest,Vienna
2026-01-03 13:58:10,Guest,Vienna
2026-01-03 13:58:10,Guest,Vienna
2026-01-03 13:58:11,Guest,Vienna
2026-01-03 13:58:11,Guest,Vienna
2026-01-03 13:58:11,Guest,Vienna
2026-01-03 13:58:12,Guest,Vienna
2026-01-03 13:58:13,Guest,Vienna
2026-01-03 13:58:14,Guest,Vienna
2026-01-03 13:58:14,Guest,Vienna
2026-01-03 13:58:16,Guest,Vienna
2026-01-03 13:58:18,Guest,Vienna
2026-01-03 13:58:19,Guest,Vienna
2026-01-03 13:58:19,Guest,Vienna
2026-01-03 13:58:20,Guest,Vienna
2026-01-03 13:58:30,Guest,Vienna
2026-01-03 13:58:35,Guest,Vienna
2026-01-03 13:58:43,Guest,Vienna
2026-01-03 13:58:44,Guest,Vienna
2026-01-03 13:58:44,Guest,Vienna
2026-01-03 13:58:45,Guest,Vienna
2026-01-03 13:58:45,Guest,Vienna
2026-01-03 13:58:46,Guest,Vienna
2026-01-03 13:58:49,Guest,Vienna
2026-01-03 13:58:49,Guest,Vienna
2026-01-03 13:58:49,Guest,Vienna
2026-01-03 13:58:50,Guest,Vienna
2026-01-03 13:58:51,Guest,Vienna
2026-01-04 11:41:24,Guest,Quinto
2026-01-04 11:41:29,Guest,Vienna
2026-01-04 11:41:31,Guest,Vienna
2026-01-04 11:41:32,Guest,Vienna
2026-01-04 11:41:32,Guest,Vienna
2026-01-04 11:41:33,Guest,Vienna
2026-01-04 11:44:47,Guest,Vienna
2026-01-04 11:44:48,Guest,Vienna
2026-01-04 11:44:49,Guest,Vienna
2026-01-04 11:44:49,Guest,Vienna
2026-01-04 11:44:50,Guest,Vienna
2026-01-04 11:44:50,Guest,Vienna
2026-01-04 11:44:51,Guest,Vienna
2026-01-04 11:44:51,Guest,Vienna
2026-01-04 11:44:51,Guest,Vienna
2026-01-04 11:44:51,Guest,Vienna
2026-01-04 11:44:52,Guest,Vienna
2026-01-04 11:44:52,Guest,Vienna
2026-01-04 11:44:53,Guest,Vienna
2026-01-04 11:44:53,Guest,Vienna
2026-01-04 11:49:38,Guest,Vienna
2026-01-04 11:49:41,Guest,Vienna
2026-01-04 11:49:48,Guest,Vienna
2026-01-04 11:49:51,Guest,Vienna
2026-01-04 11:49:52,Guest,Vienna
2026-01-04 11:49:52,Guest,Vienna
2026-01-04 11:49:53,Guest,Vienna
2026-01-04 11:57:13,Guest,Vienna
2026-01-04 11:57:31,Guest,Vienna
2026-01-04 11:57:34,Guest,Vienna
2026-01-04 12:12:42,Guest_1767525162186,Vienna
2026-01-04 12:15:08,Guest_1767525307595,Vienna
2026-01-04 12:21:21,Guest_1767525680634,Vienna
2026-01-04 12:21:51,Jan,Vienna
2026-01-04 12:21:56,Moritz,Vienna
2026-01-04 12:22:01,Boris,Paris
2026-01-04 13:24:03,Guest_1767529442532,Vienna
2026-01-04 13:40:35,Moritz,Vienna
2026-01-04 13:58:35,Guest_1767531514405,Vienna
2026-01-04 13:58:48,Guest_1767531527975,Vienna
2026-01-04 13:58:56,Guest_1767531527975,Vienna
2026-01-04 13:59:00,Guest_1767531527975,Wiehe
2026-01-04 13:59:06,Guest_1767531527975,Berg-sur-Moselle
2026-01-04 13:59:19,Guest_1767531527975,Vienna
2026-01-04 13:59:24,Guest_1767531527975,Berlin
2026-01-04 13:59:26,Guest_1767531527975,Berlin
2026-01-04 13:59:35,Guest_1767531527975,Vienna
2026-01-06 13:46:40,Moritz,New York
2026-01-06 13:50:17,Moritz,Was
2026-01-06 14:04:05,Moritz,New York
2026-01-06 14:04:13,Moritz,Vienna
2026-01-06 14:08:17,Moritz,Berlin
2026-01-06 14:08:26,Moritz,Berlin
2026-01-06 14:09:25,Moritz,New York
2026-01-06 14:09:43,Moritz,Berlin
2026-01-06 14:11:58,Jan,Vienna
2026-01-06 14:14:13,Boris,Paris
2026-01-06 14:14:17,Jan,Vienna
2026-01-06 14:14:20,Moritz,New York
2026-01-06 14:17:20,Moritz,New York
2026-01-06 14:17:23,Moritz,Vienna
2026-01-06 14:19:54,Moritz,New York
2026-01-06 14:19:56,Moritz,Berlin
2026-01-06 14:19:59,Boris,Paris
2026-01-06 14:20:07,Moritz,Unterwaltersdorf
2026-01-06 14:20:10,Moritz,Berlin
2026-01-06 14:22:05,Moritz,Unterwaltersdorf
2026-01-06 14:22:09,Moritz,Berlin
2026-01-06 14:29:51,Jan,Vienna
2026-01-06 14:29:55,Moritz,Unterwaltersdorf
2026-01-06 14:30:55,Moritz,Unterwaltersdorf
2026-01-06 14:30:59,Jan,Vienna
2026-01-06 14:45:44,Moritz,Berlin
2026-01-06 14:45:52,Moritz,St. Pölten
2026-01-06 14:45:58,Moritz,St. Pölten
2026-01-07 14:13:09,Guest_1767791588390,Berlin
2026-01-07 14:16:50,Moritz,St. Pölten
2026-01-07 14:16:59,Moritz,St. Pölten
2026-01-07 14:17:03,Moritz,St. Pölten
2026-01-07 14:17:09,Moritz,St. Pölten
2026-01-07 14:17:12,Moritz,St. Pölten
2026-01-07 14:17:16,Moritz,Berlin
2026-01-07 14:17:21,Moritz,Unterwaltersdorf
2026-01-07 14:17:23,Moritz,Unterwaltersdorf
2026-01-07 14:17:26,Moritz,Unterwaltersdorf
2026-01-07 14:35:35,Moritz,Vienna
2026-01-07 14:35:48,Moritz,Vienna
2026-01-07 14:35:51,Moritz,Vienna
2026-01-07 14:35:56,Jan,Vienna
2026-01-07 14:35:57,Boris,Vienna
2026-01-07 14:38:22,Moritz,Unterwaltersdorf
2026-01-07 14:38:25,Jan,Unterwaltersdorf
2026-01-07 14:38:30,Boris,Unterwaltersdorf
2026-01-07 14:38:37,Boris,Unterwaltersdorf
2026-01-07 14:38:40,Jan,Unterwaltersdorf
2026-01-07 14:38:42,Jan,Unterwaltersdorf
2026-01-07 14:38:46,Jan,Vienna
2026-01-07 14:38:53,Moritz,Vienna
2026-01-07 16:22:20,Moritz,Vienna
2026-01-07 16:23:04,Moritz,Vienna
2026-01-08 13:57:26,Moritz,Unterwaltersdorf
2026-01-08 13:57:32,Moritz,Unterwaltersdorf
2026-01-08 14:13:33,Moritz,Vienna
2026-01-08 14:13:42,Jan,Vienna
2026-01-08 14:13:48,Jan,Unterwaltersdorf
2026-01-08 14:13:50,Moritz,Unterwaltersdorf
2026-01-08 14:13:56,Jan,Unterwaltersdorf
2026-01-08 14:18:36,Moritz,Vienna
2026-01-08 14:18:52,Jan,Vienna
2026-01-08 14:18:54,Jan,Unterwaltersdorf
2026-01-08 14:18:55,Moritz,Vienna
2026-01-08 14:19:02,Jan,Vienna
2026-01-08 14:21:03,Jan,Berlin
2026-01-08 14:21:07,Moritz,Vienna
2026-01-08 14:21:09,Jan,Berlin
2026-01-08 14:21:11,Boris,Berlin
2026-01-08 14:24:25,Moritz,Vienna
2026-01-08 14:24:28,Moritz,Vienna
2026-01-08 14:24:42,Moritz,Vienna
2026-01-08 14:24:46,Moritz,Vienna
2026-01-08 14:24:52,Jan,Berlin
2026-01-08 14:24:57,Moritz,Berlin
2026-01-08 14:25:02,Moritz,Berlin
2026-01-08 14:25:05,Jan,Berlin
2026-01-08 14:25:28,Jan,Berlin
2026-01-08 14:28:38,Moritz,Vienna
2026-01-08 14:29:04,Jan,Berlin
2026-01-08 14:29:16,Moritz,Berlin
2026-01-08 14:29:19,Moritz,Berlin
2026-01-08 14:29:27,Boris,Berlin
2026-01-08 14:29:29,Moritz,Berlin
2026-01-08 14:29:30,Jan,Berlin
2026-01-08 14:29:32,Jan,Berlin
2026-01-08 14:29:35,Moritz,Berlin
2026-01-08 14:29:39,Moritz,Vienna
2026-01-08 14:29:43,Moritz,Vienna
2026-01-08 14:29:45,Jan,Berlin
2026-01-08 14:29:47,Moritz,Vienna
2026-01-08 14:29:52,Boris,Vienna
2026-01-08 14:30:10,Boris,Vienna
2026-01-08 14:30:14,Jan,Berlin
2026-01-08 14:30:16,Moritz,Vienna
2026-01-08 14:30:19,Boris,Vienna
2026-01-08 14:30:21,Boris,Paris
2026-01-08 14:30:26,Moritz,Vienna
2026-01-08 14:30:32,Jan,Berlin
2026-01-08 14:30:37,Boris,Paris
2026-01-08 14:30:41,Boris,Paris
2026-01-08 14:30:42,Boris,Paris
2026-01-08 14:30:51,Boris,Paris
2026-01-08 14:30:57,Moritz,Vienna
2026-01-08 14:31:34,Moritz,Vienna
2026-01-08 14:31:48,Jan,Berlin
2026-01-08 14:32:04,Boris,Berlin
2026-01-08 14:32:24,Jan,Berlin
2026-01-08 14:32:26,Boris,Berlin
2026-01-08 14:32:27,Moritz,Vienna
2026-01-08 14:32:28,Boris,Vienna
2026-01-08 14:32:30,Boris,Paris
2026-01-08 14:32:38,Boris,Paris
2026-01-08 14:32:46,Jan,Berlin
2026-01-08 14:32:47,Moritz,Vienna
2026-01-08 14:32:54,Boris,Paris
2026-01-08 14:32:58,Moritz,Vienna
2026-01-08 14:33:02,Moritz,New York
2026-01-08 14:33:11,Jan,Berlin
2026-01-08 14:33:13,Moritz,New York
2026-01-08 14:35:21,Guest_1767879314746,Nowe
2026-01-08 14:50:56,Guest_1767880246127,Nowe
2026-01-08 14:51:06,Moritz,New York
2026-01-08 14:51:21,Boris,Paris
2026-01-08 14:51:35,Jan,Berlin
2026-01-08 14:51:37,Moritz,New York
2026-01-08 14:52:28,Guest_1767880327867,Vienna
2026-01-08 14:52:32,Guest_1767880327867,Vienna
2026-01-08 14:57:51,Guest_1767880671003,Nowe
2026-01-08 14:58:00,Guest_1767880671003,Nowe
2026-01-08 14:58:01,Guest_1767880671003,Nowe
2026-01-08 14:58:02,Guest_1767880671003,Nowe
2026-01-08 14:58:18,Moritz,New York
2026-01-08 14:58:21,Jan,Berlin
2026-01-08 14:59:28,Guest_1767880764268,Nowe
2026-01-08 15:00:19,Guest_1767880815769,Nowe
2026-01-08 15:00:36,Guest_1767880833269,Nowe
2026-01-08 15:04:13,Guest_1767881050288,Nowe
2026-01-08 15:05:08,Guest_1767881107680,Nowe
2026-01-09 09:00:42,Moritz,New York
2026-01-09 09:07:24,Moritz,New York
2026-01-09 09:07:36,Moritz,New York
2026-01-09 09:07:46,Moritz,New York
2026-01-09 09:07:53,Boris,Paris
2026-01-09 09:07:59,Jan,Berlin
2026-01-09 15:05:05,Moritz,New York
2026-01-09 15:05:15,Moritz,Berlin
2026-01-09 15:05:27,Moritz,Vienna
2026-01-09 15:05:42,Moritz,Klagenfurt
2026-01-09 15:05:51,Moritz,Klagenfurt
2026-01-09 15:05:53,Moritz,Klagenfurt
2026-01-09 15:14:40,Moritz,New York
2026-01-09 15:14:46,Moritz,Klagenfurt
2026-01-09 15:14:50,Moritz,Klagenfurt
2026-01-09 15:14:58,Moritz,Klagenfurt
2026-01-09 15:21:15,Moritz,New York
2026-01-09 15:21:18,Moritz,Unterwaltersdorf
2026-01-09 15:25:07,Jan,Berlin
2026-01-09 15:25:09,Moritz,New York
2026-01-09 15:25:16,Moritz,New York
2026-01-09 15:25:23,Moritz,New York
2026-01-09 15:25:49,Moritz,New York
2026-01-09 15:25:53,Moritz,New York
2026-01-10 08:20:05,Moritz,New York
2026-01-10 08:20:12,Moritz,New York
2026-01-10 08:20:19,Moritz,New York
2026-01-10 08:20:22,Moritz,New York
2026-01-10 08:20:25,Jan,Berlin
2026-01-10 08:20:29,Boris,Paris
2026-01-10 12:53:27,Guest_1768046001010,Vienna
2026-01-10 12:56:03,Jan,Berlin
2026-01-10 12:56:14,Moritz,New York
2026-01-10 12:56:19,Boris,Paris
2026-01-10 12:56:26,Moritz,New York
2026-01-10 12:56:35,Moritz,New York
2026-01-10 12:56:35,Moritz,New York
2026-01-10 12:56:49,Boris,Paris
2026-01-10 12:56:52,Moritz,New York
2026-01-10 12:56:55,Jan,Berlin
2026-01-10 12:56:56,Jan,Berlin
2026-01-10 12:56:57,Jan,Berlin
2026-01-10 12:56:58,Jan,Berlin
2026-01-10 12:56:59,Jan,Berlin
2026-01-10 12:56:59,Jan,Berlin
2026-01-10 12:57:00,Jan,Berlin
2026-01-10 12:57:00,Jan,Berlin
2026-01-10 12:57:01,Jan,Berlin
2026-01-10 12:57:08,Jan,Berlin
2026-01-10 12:57:08,Jan,Berlin
2026-01-10 12:57:16,Jan,Berlin
2026-01-10 12:57:16,Jan,Berlin
2026-01-10 12:57:19,Jan,Berlin
2026-01-10 12:57:20,Jan,Berlin
2026-01-10 12:57:21,Jan,Berlin
2026-01-10 12:57:22,Jan,Berlin
2026-01-10 12:57:22,Jan,Berlin
2026-01-10 12:57:23,Jan,Berlin
2026-01-10 12:58:14,Jan,Berlin
2026-01-10 12:58:14,Jan,Berlin
2026-01-10 12:58:31,Jan,Vienna
2026-01-10 12:58:31,Jan,Vienna
2026-01-10 12:58:36,Moritz,New York
2026-01-10 12:58:44,Moritz,Klagenfurt
2026-01-10 12:58:44,Moritz,Klagenfurt
2026-01-10 12:58:46,Jan,Berlin
2026-01-10 12:58:55,Boris,Paris
2026-01-10 12:58:59,Moritz,New York
2026-01-10 14:25:20,Jan,Berlin
2026-01-10 14:25:30,Jan,Berlin
2026-01-10 14:25:30,Jan,Berlin
2026-01-10 14:25:41,Jan,Berlin
2026-01-10 14:25:41,Jan,Berlin
2026-01-10 14:28:38,Guest_1768051711496,Vienna
2026-01-10 14:28:38,Guest_1768051711496,Vienna
2026-01-10 14:34:02,Guest_1768052036478,Vienna
2026-01-10 14:34:02,Guest_1768052036478,Vienna
2026-01-10 14:34:07,Guest_1768052036478,Vienna
2026-01-10 14:34:08,Guest_1768052036478,Vienna
2026-01-10 14:34:29,Guest_1768052036478,Vienna
2026-01-10 14:34:29,Guest_1768052036478,Vienna
2026-01-10 14:34:31,Guest_1768052036478,Vienna
2026-01-10 14:34:32,Guest_1768052036478,Vienna
2026-01-10 14:34:32,Guest_1768052036478,Vienna
2026-01-10 14:34:34,Guest_1768052036478,Vienna
2026-01-10 14:34:34,Guest_1768052036478,Vienna
2026-01-10 14:34:48,Guest_1768052036478,Vienna
2026-01-10 14:34:51,Guest_1768052036478,Vienna
2026-01-10 14:34:52,Guest_1768052036478,Vienna
2026-01-10 14:34:56,Guest_1768052036478,Vienna
2026-01-10 14:34:57,Guest_1768052036478,Vienna
2026-01-10 14:34:59,Guest_1768052036478,Vienna
2026-01-10 14:34:59,Guest_1768052036478,Vienna
2026-01-10 14:35:00,Guest_1768052036478,Vienna
2026-01-10 14:35:01,Guest_1768052036478,Vienna
2026-01-10 14:35:01,Guest_1768052036478,Vienna
2026-01-10 14:35:06,Guest_1768052036478,Vienna
2026-01-10 14:35:09,Guest_1768052036478,Vienna
2026-01-10 14:35:10,Guest_1768052036478,Vienna
2026-01-10 14:35:12,Guest_1768052036478,Vienna
2026-01-10 14:35:12,Guest_1768052036478,Vienna
2026-01-10 14:35:14,Guest_1768052036478,Vienna
2026-01-10 14:35:14,Guest_1768052036478,Vienna
2026-01-10 14:35:14,Guest_1768052036478,Vienna
2026-01-10 14:35:15,Guest_1768052036478,Vienna
2026-01-10 14:35:15,Guest_1768052036478,Vienna
2026-01-10 14:35:16,Guest_1768052036478,Vienna
2026-01-10 14:35:16,Guest_1768052036478,Vienna
2026-01-10 14:35:20,Guest_1768052036478,Vienna
2026-01-10 14:35:22,Guest_1768052036478,Vienna
2026-01-10 14:35:26,Guest_1768052036478,Vienna
2026-01-10 14:35:41,Jan,Berlin
2026-01-10 14:35:43,Jan,Berlin
2026-01-10 14:35:43,Jan,Berlin
2026-01-10 14:36:12,Jan,Berlin
2026-01-10 14:36:12,Jan,Berlin
2026-01-10 14:36:14,Jan,Berlin
2026-01-10 14:36:14,Jan,Berlin
2026-01-10 14:36:15,Jan,Berlin
2026-01-10 14:36:15,Jan,Berlin
2026-01-10 14:36:17,Jan,Berlin
2026-01-10 14:36:18,Jan,Berlin
2026-01-10 14:36:18,Jan,Berlin
2026-01-10 14:36:19,Jan,Berlin
2026-01-10 14:36:20,Jan,Berlin
2026-01-10 14:36:30,Jan,Berlin
2026-01-10 14:36:41,Jan,Berlin
2026-01-10 14:36:42,Jan,Berlin
2026-01-10 14:36:42,Jan,Berlin
2026-01-10 14:36:45,Jan,Berlin
2026-01-10 14:36:49,Jan,Berlin
2026-01-10 14:36:49,Jan,Berlin
2026-01-10 14:36:53,Jan,Berlin
2026-01-10 14:36:53,Jan,Berlin
2026-01-10 14:36:53,Jan,Berlin
2026-01-10 14:37:50,Moritz,New York
2026-01-10 14:37:52,Jan,London
2026-01-10 14:38:00,Jan,London
2026-01-10 14:38:00,Jan,London
2026-01-10 14:38:07,Moritz,New York
2026-01-10 14:38:10,Jan,London
2026-01-10 14:38:16,Moritz,New York
2026-01-10 14:38:22,Jan,London
2026-01-10 14:38:25,Jan,London
2026-01-10 14:38:25,Jan,London
2026-01-10 15:35:24,Moritz,New York
2026-01-10 15:35:29,Moritz,New York
2026-01-10 15:35:29,Moritz,New York
2026-01-10 15:40:29,Moritz,New York
2026-01-10 15:47:04,Moritz,New York
2026-01-10 15:47:11,Moritz,New York
2026-01-10 15:47:12,Moritz,New York
2026-01-10 15:47:12,Moritz,New York
2026-01-10 15:47:17,Moritz,New York
2026-01-10 15:47:22,Moritz,New York
2026-01-10 15:47:25,Moritz,New York
2026-01-10 15:47:30,Moritz,New York
2026-01-10 15:47:33,Moritz,New York
2026-01-10 15:47:34,Moritz,New York
2026-01-10 15:47:38,Moritz,New York
2026-01-10 15:47:41,Moritz,New York
2026-01-10 15:47:42,Moritz,New York
2026-01-10 15:47:44,Moritz,New York
2026-01-10 15:47:47,Moritz,New York
2026-01-10 15:48:33,Moritz,New York
2026-01-10 15:48:35,Moritz,New York
2026-01-10 15:48:38,Moritz,New York
2026-01-10 15:48:41,Moritz,New York
2026-01-10 15:48:41,Moritz,New York
2026-01-10 15:48:42,Moritz,New York
2026-01-10 15:48:43,Moritz,New York
2026-01-10 15:57:12,Moritz,New York
2026-01-10 15:57:16,Moritz,New York
2026-01-10 15:57:19,Moritz,New York
2026-01-10 15:57:22,Moritz,New York
2026-01-10 15:57:22,Moritz,New York
2026-01-10 15:57:24,Moritz,New York
2026-01-10 15:57:26,Moritz,New York
2026-01-10 15:57:30,Moritz,New York
2026-01-10 15:57:32,Moritz,New York
2026-01-10 15:57:33,Moritz,New York
2026-01-10 15:57:34,Moritz,New York
2026-01-10 15:57:35,Moritz,New York
2026-01-10 15:57:35,Moritz,New York
2026-01-10 15:57:38,Jan,London
2026-01-10 16:03:48,Moritz,New York
2026-01-10 16:03:50,Moritz,New York
2026-01-10 16:03:53,Moritz,New York
2026-01-10 16:03:57,Moritz,New York
2026-01-10 16:03:58,Moritz,New York
2026-01-10 16:04:19,Moritz,Graz
2026-01-10 16:04:19,Moritz,Graz
2026-01-10 16:04:26,Moritz,Graz
2026-01-10 16:04:30,Moritz,Graz
2026-01-10 16:04:45,Moritz,Graz
2026-01-10 16:04:45,Moritz,Graz
2026-01-10 16:06:37,Moritz,New York
2026-01-10 16:08:08,Moritz,New York
2026-01-10 16:09:17,Moritz,New York
2026-01-10 16:09:20,Moritz,New York
2026-01-10 16:10:06,Moritz,New York
2026-01-10 16:10:08,Moritz,New York
2026-01-10 16:10:11,Jan,London
2026-01-10 16:10:16,Moritz,New York
2026-01-10 16:16:41,Moritz,New York
